numero_deposito	numero_conta	nome_agencia	nome_cliente	data_deposito	saldo_deposito
10276281	108381	Gameleira	Ana Luiza Rios	2023-07-19	82
10220710	109882	Glória	Manuella Abreu	2024-08-19	369
10690930	125390	Glória	Lucca Ferreira	2025-03-12	450
10438855	144688	Pampulha	Arthur Gabriel Costela	2024-04-30	214
10850454	168028	UFU	Enrico Montenegro	2023-08-01	405
10401548	171654	UFU	Mateus Rios	2024-04-14	128
10759200	159089	Central	Cauê Montenegro	2024-12-13	383
10865719	182332	Gameleira	Nicole da Luz	2025-02-17	257
10016506	168227	Gameleira	João Gabriel Nogueira	2025-01-21	194
10153916	184886	Cidade Jardim	Augusto Correia	2024-12-29	340
10379379	150639	Central	Eduarda Costela	2024-05-24	323
10415928	136390	UFU	Josué Moraes	2023-08-30	218
10829377	128808	Cidade Jardim	Luiz Fernando da Mota	2023-04-06	319
10930181	159089	Central	Cauê Montenegro	2024-01-02	492
10816800	185647	UFU	Guilherme da Cunha	2024-02-27	355
10774435	160675	UFU	Dra. Ana Clara Abreu	2024-08-30	329
10357876	160675	UFU	Dra. Ana Clara Abreu	2023-06-02	269
10079866	124337	UFU	Arthur Miguel Cavalcante	2023-03-20	89
10995807	148203	Cidade Jardim	Isabela Casa Grande	2024-11-25	160
10714651	139785	Pampulha	Olívia Pereira	2023-12-13	269
10452866	109882	Glória	Manuella Abreu	2025-02-20	247
10167345	144688	Pampulha	Arthur Gabriel Costela	2025-01-20	97
10553738	114296	Cidade Jardim	Erick Siqueira	2024-05-19	465
10189541	118924	Pampulha	Leandro Teixeira	2023-03-17	252
10034992	182557	Pampulha	Kamilly Campos	2024-01-01	453
10773787	124337	UFU	Arthur Miguel Cavalcante	2024-07-04	273
10444525	134973	Glória	Felipe Araújo	2024-04-11	60
10049704	150639	Central	Eduarda Costela	2025-02-20	200
10470258	118924	Pampulha	Leandro Teixeira	2023-09-15	431
10329872	139785	Pampulha	Olívia Pereira	2024-07-12	282
10303891	185647	UFU	Guilherme da Cunha	2023-08-25	258
10938327	110443	Central	Cauã Gonçalves	2023-03-27	343
10771077	160510	Glória	Maria Alice Garcia	2023-12-22	259
10498956	125390	Glória	Lucca Ferreira	2024-01-24	351
10055011	125390	Glória	Lucca Ferreira	2023-09-03	475
10844290	194154	UFU	Maria Alice Albuquerque	2025-01-20	432
10353182	160675	UFU	Dra. Ana Clara Abreu	2023-04-06	199
10866306	160510	Glória	Maria Alice Garcia	2024-06-30	488
10609006	125390	Glória	Lucca Ferreira	2023-07-18	161
10062311	161902	UFU	Vitor Oliveira	2024-07-07	479
10420384	199301	UFU	Matteo da Cruz	2023-12-04	296
10699891	167890	Glória	Asafe Silveira	2024-11-22	415
10985139	161902	UFU	Vitor Oliveira	2023-07-31	59
10115159	125390	Glória	Lucca Ferreira	2024-03-25	255
10492057	120637	Glória	Maria Flor Silva	2024-05-12	360
10463491	185647	UFU	Guilherme da Cunha	2024-07-20	174
10578267	168028	UFU	Enrico Montenegro	2024-03-03	394
10480000	181314	Pampulha	Luan Oliveira	2024-01-21	163
10862509	184886	Cidade Jardim	Augusto Correia	2024-04-16	137
10691486	109882	Glória	Manuella Abreu	2023-03-17	368
10486913	144688	Pampulha	Arthur Gabriel Costela	2023-08-05	31
10432871	110443	Central	Cauã Gonçalves	2024-01-17	135
10258258	160675	UFU	Dra. Ana Clara Abreu	2024-10-09	468
10000922	181314	Pampulha	Luan Oliveira	2023-04-08	316
10892809	136390	UFU	Josué Moraes	2023-05-08	415
10541244	110443	Central	Cauã Gonçalves	2024-07-23	148
10851064	136390	UFU	Josué Moraes	2023-11-11	232
10272900	160510	Glória	Maria Alice Garcia	2023-09-18	339
10339038	159089	Central	Cauê Montenegro	2024-10-21	303
10459297	148203	Cidade Jardim	Isabela Casa Grande	2023-08-24	411
10527447	125390	Glória	Lucca Ferreira	2025-02-09	171
10143969	148203	Cidade Jardim	Isabela Casa Grande	2024-11-01	193
10467134	105689	Central	Vitor Gabriel Borges	2024-11-03	272
10496458	182557	Pampulha	Kamilly Campos	2024-09-29	12
10969842	160510	Glória	Maria Alice Garcia	2024-03-13	355
10403862	121149	Gameleira	Arthur Gabriel Aparecida	2024-12-20	20
10998706	108381	Gameleira	Ana Luiza Rios	2024-01-26	233
10999355	171654	UFU	Mateus Rios	2023-08-01	479
10367215	197968	Pampulha	Maria Luísa Moraes	2024-03-12	264
10091767	181314	Pampulha	Luan Oliveira	2023-08-06	237
10367661	109882	Glória	Manuella Abreu	2023-10-01	255
10706585	105689	Central	Vitor Gabriel Borges	2023-10-16	438
10103915	134973	Glória	Felipe Araújo	2024-04-30	478
10980731	146958	Gameleira	Alice da Conceição	2024-11-18	162
10561769	160675	UFU	Dra. Ana Clara Abreu	2023-08-13	152
10022286	174699	Glória	Dra. Mariana da Luz	2024-07-17	414
10393628	148203	Cidade Jardim	Isabela Casa Grande	2023-04-28	237
10733122	105689	Central	Vitor Gabriel Borges	2024-09-16	247
10281699	120637	Glória	Maria Flor Silva	2024-03-08	134
10622310	182332	Gameleira	Nicole da Luz	2025-03-10	179
10325474	194154	UFU	Maria Alice Albuquerque	2023-10-06	12
10419989	160510	Glória	Maria Alice Garcia	2024-01-08	78
10649334	182332	Gameleira	Nicole da Luz	2024-12-05	486
10751980	160510	Glória	Maria Alice Garcia	2023-09-10	25
10327292	124337	UFU	Arthur Miguel Cavalcante	2024-11-06	439
10461564	185647	UFU	Guilherme da Cunha	2024-03-23	413
10289970	197968	Pampulha	Maria Luísa Moraes	2024-10-19	440
10519162	194154	UFU	Maria Alice Albuquerque	2025-02-14	485
10683318	139785	Pampulha	Olívia Pereira	2024-09-09	51
10337262	148203	Cidade Jardim	Isabela Casa Grande	2024-02-23	248
10691223	161902	UFU	Vitor Oliveira	2024-03-30	303
10859270	160510	Glória	Maria Alice Garcia	2023-12-16	80
10871340	134973	Glória	Felipe Araújo	2024-01-12	56
10889335	181314	Pampulha	Luan Oliveira	2024-11-06	171
10398702	185647	UFU	Guilherme da Cunha	2023-11-16	62
10455307	104562	Glória	Mariane Aparecida	2024-10-13	69
10177886	197968	Pampulha	Maria Luísa Moraes	2023-06-16	88
10882277	121149	Gameleira	Arthur Gabriel Aparecida	2024-10-18	26
10020617	174185	Gameleira	Maria Luísa Novaes	2024-09-13	419
10647184	174699	Glória	Dra. Mariana da Luz	2024-03-29	448
10654569	110443	Central	Cauã Gonçalves	2024-09-05	390
10030978	185647	UFU	Guilherme da Cunha	2025-03-07	230
10101802	160675	UFU	Dra. Ana Clara Abreu	2024-12-21	103
10783617	153270	Cidade Jardim	João Gabriel Marques	2025-03-10	465
10842540	118924	Pampulha	Leandro Teixeira	2023-03-28	246
10539687	176603	Central	Rael Oliveira	2023-04-17	132
10761163	120637	Glória	Maria Flor Silva	2024-09-28	173
10512088	185647	UFU	Guilherme da Cunha	2024-07-29	55
10437502	181314	Pampulha	Luan Oliveira	2025-02-08	226
10432765	150639	Central	Eduarda Costela	2023-09-04	399
10579218	174185	Gameleira	Maria Luísa Novaes	2024-07-25	33
10396409	136390	UFU	Josué Moraes	2024-08-03	231
10116010	174699	Glória	Dra. Mariana da Luz	2024-04-28	153
10042073	110443	Central	Cauã Gonçalves	2025-01-25	119
10468434	125390	Glória	Lucca Ferreira	2024-04-27	82
10407393	120637	Glória	Maria Flor Silva	2024-11-21	302
10421737	118924	Pampulha	Leandro Teixeira	2025-01-17	31
10645866	167890	Glória	Asafe Silveira	2023-04-23	207
10010235	104562	Glória	Mariane Aparecida	2024-08-08	57
10468321	104562	Glória	Mariane Aparecida	2024-03-31	334
10446269	105689	Central	Vitor Gabriel Borges	2024-03-27	256
10163215	161902	UFU	Vitor Oliveira	2024-01-20	419
10235917	109882	Glória	Manuella Abreu	2025-01-13	416
10130618	168227	Gameleira	João Gabriel Nogueira	2023-06-07	435
10147966	108381	Gameleira	Ana Luiza Rios	2023-12-25	354
10587791	104562	Glória	Mariane Aparecida	2024-09-21	347
10528564	125390	Glória	Lucca Ferreira	2023-03-20	96
10974909	197968	Pampulha	Maria Luísa Moraes	2025-02-23	148
10983625	161902	UFU	Vitor Oliveira	2025-01-30	340
10496477	136390	UFU	Josué Moraes	2023-07-10	313
10481361	159089	Central	Cauê Montenegro	2023-08-17	279
10196702	108381	Gameleira	Ana Luiza Rios	2024-03-23	423
10861773	114296	Cidade Jardim	Erick Siqueira	2024-01-10	54
10421849	109882	Glória	Manuella Abreu	2024-07-05	353
10158392	148203	Cidade Jardim	Isabela Casa Grande	2024-05-23	421
10107446	153270	Cidade Jardim	João Gabriel Marques	2025-01-19	270
10703553	160510	Glória	Maria Alice Garcia	2023-11-23	451
10359753	121149	Gameleira	Arthur Gabriel Aparecida	2023-09-09	449
10737740	144688	Pampulha	Arthur Gabriel Costela	2023-10-10	214
10836000	168227	Gameleira	João Gabriel Nogueira	2023-11-19	305
10428855	104562	Glória	Mariane Aparecida	2024-06-14	319
10513499	114296	Cidade Jardim	Erick Siqueira	2023-11-06	252
10357779	121149	Gameleira	Arthur Gabriel Aparecida	2024-06-26	257
10902886	153270	Cidade Jardim	João Gabriel Marques	2023-12-13	122
10526868	136390	UFU	Josué Moraes	2024-05-16	472
10569979	110443	Central	Cauã Gonçalves	2024-10-12	120
10497187	153270	Cidade Jardim	João Gabriel Marques	2023-09-02	130
10333396	114296	Cidade Jardim	Erick Siqueira	2025-01-23	96
10502418	174699	Glória	Dra. Mariana da Luz	2024-02-01	65
10754894	182332	Gameleira	Nicole da Luz	2023-05-02	488
10428573	194154	UFU	Maria Alice Albuquerque	2024-10-06	495
10238173	108381	Gameleira	Ana Luiza Rios	2024-04-21	213
10912302	161902	UFU	Vitor Oliveira	2024-09-02	54
10659800	160510	Glória	Maria Alice Garcia	2024-09-25	23
10705676	176603	Central	Rael Oliveira	2024-11-10	10
10895273	176603	Central	Rael Oliveira	2024-09-04	200
10442108	185647	UFU	Guilherme da Cunha	2023-07-25	419
10501426	148203	Cidade Jardim	Isabela Casa Grande	2025-01-19	449
10066499	136390	UFU	Josué Moraes	2024-09-03	121
10426630	159089	Central	Cauê Montenegro	2024-05-27	12
10594456	108381	Gameleira	Ana Luiza Rios	2023-08-23	24
10705988	144688	Pampulha	Arthur Gabriel Costela	2024-05-28	430
10594179	181314	Pampulha	Luan Oliveira	2023-03-15	52
10742316	171654	UFU	Mateus Rios	2024-05-30	291
10181433	113189	Gameleira	Helena da Paz	2024-04-21	89
10253794	150639	Central	Eduarda Costela	2024-04-24	201
10901303	120637	Glória	Maria Flor Silva	2023-05-26	243
10834369	118924	Pampulha	Leandro Teixeira	2025-01-25	447
10745830	182332	Gameleira	Nicole da Luz	2023-11-17	12
10733117	113189	Gameleira	Helena da Paz	2024-06-18	385
10451069	185647	UFU	Guilherme da Cunha	2023-12-01	138
10695171	108381	Gameleira	Ana Luiza Rios	2024-03-03	432
10921240	134973	Glória	Felipe Araújo	2023-10-04	123
10107264	174185	Gameleira	Maria Luísa Novaes	2023-06-17	150
10432763	139785	Pampulha	Olívia Pereira	2024-11-13	348
10992632	144688	Pampulha	Arthur Gabriel Costela	2024-03-20	125
10564495	109882	Glória	Manuella Abreu	2024-02-28	485
10615644	182332	Gameleira	Nicole da Luz	2025-01-18	53
10554602	197968	Pampulha	Maria Luísa Moraes	2025-01-24	15
10447354	146958	Gameleira	Alice da Conceição	2024-11-28	173
10449617	153270	Cidade Jardim	João Gabriel Marques	2023-07-24	125
10104319	139785	Pampulha	Olívia Pereira	2024-01-14	155
10834072	148203	Cidade Jardim	Isabela Casa Grande	2024-08-01	36
10539782	182332	Gameleira	Nicole da Luz	2024-07-02	443
10359843	110443	Central	Cauã Gonçalves	2023-06-14	69
10514350	197968	Pampulha	Maria Luísa Moraes	2024-02-29	351
10186937	160510	Glória	Maria Alice Garcia	2024-06-22	124
10185510	109882	Glória	Manuella Abreu	2024-03-04	285
10507486	194154	UFU	Maria Alice Albuquerque	2024-08-01	175
10123642	124337	UFU	Arthur Miguel Cavalcante	2023-06-01	266
10885600	168227	Gameleira	João Gabriel Nogueira	2024-07-28	225
10069312	167890	Glória	Asafe Silveira	2024-11-21	424
10851280	124337	UFU	Arthur Miguel Cavalcante	2024-11-29	152
10306853	194154	UFU	Maria Alice Albuquerque	2024-07-26	390
10253418	148203	Cidade Jardim	Isabela Casa Grande	2023-12-20	156
10255989	182557	Pampulha	Kamilly Campos	2023-12-03	33
10313345	121149	Gameleira	Arthur Gabriel Aparecida	2025-01-27	212
10236707	194154	UFU	Maria Alice Albuquerque	2025-01-06	324
10834950	160510	Glória	Maria Alice Garcia	2023-12-13	182
10420728	136390	UFU	Josué Moraes	2024-02-16	252
10642421	146958	Gameleira	Alice da Conceição	2024-03-14	22
10187462	197968	Pampulha	Maria Luísa Moraes	2023-07-28	482
10561563	185647	UFU	Guilherme da Cunha	2024-05-16	316
10096008	160675	UFU	Dra. Ana Clara Abreu	2024-01-01	184
10517459	160675	UFU	Dra. Ana Clara Abreu	2023-11-05	237
10673393	168028	UFU	Enrico Montenegro	2024-06-11	35
10531827	181314	Pampulha	Luan Oliveira	2024-05-31	269
10728548	139785	Pampulha	Olívia Pereira	2024-11-04	370
10004353	194154	UFU	Maria Alice Albuquerque	2023-07-22	410
10141597	168028	UFU	Enrico Montenegro	2023-06-20	489
10022853	160510	Glória	Maria Alice Garcia	2023-06-14	113
10872228	105689	Central	Vitor Gabriel Borges	2023-10-03	70
10251615	160675	UFU	Dra. Ana Clara Abreu	2023-07-03	210
10900624	108381	Gameleira	Ana Luiza Rios	2025-01-10	56
10305742	150639	Central	Eduarda Costela	2023-05-14	85
10086460	134973	Glória	Felipe Araújo	2023-05-16	234
10526446	174185	Gameleira	Maria Luísa Novaes	2023-10-10	186
10226063	174185	Gameleira	Maria Luísa Novaes	2024-04-13	36
10148402	184886	Cidade Jardim	Augusto Correia	2024-07-27	45
10938374	105689	Central	Vitor Gabriel Borges	2023-12-05	324
10711365	174185	Gameleira	Maria Luísa Novaes	2024-02-28	76
10042886	161902	UFU	Vitor Oliveira	2024-01-23	146
10297391	167890	Glória	Asafe Silveira	2023-08-19	91
10911665	118924	Pampulha	Leandro Teixeira	2023-11-17	457
10590990	144688	Pampulha	Arthur Gabriel Costela	2023-03-17	282
10380733	125390	Glória	Lucca Ferreira	2024-12-09	244
10988994	194154	UFU	Maria Alice Albuquerque	2025-01-28	405
10183117	182332	Gameleira	Nicole da Luz	2023-07-30	241
10429556	185647	UFU	Guilherme da Cunha	2023-11-24	208
10850706	118924	Pampulha	Leandro Teixeira	2023-03-26	166
10315820	120637	Glória	Maria Flor Silva	2024-10-25	290
10751598	144688	Pampulha	Arthur Gabriel Costela	2024-11-07	196
10688230	174699	Glória	Dra. Mariana da Luz	2023-12-06	283
10446053	104562	Glória	Mariane Aparecida	2023-12-27	229
10363380	184886	Cidade Jardim	Augusto Correia	2025-03-12	215
10999769	153270	Cidade Jardim	João Gabriel Marques	2024-01-28	325
10829963	121149	Gameleira	Arthur Gabriel Aparecida	2023-11-12	154
10326953	167890	Glória	Asafe Silveira	2025-02-21	21
10990427	194154	UFU	Maria Alice Albuquerque	2024-02-24	470
10407946	114296	Cidade Jardim	Erick Siqueira	2024-10-28	102
10773900	171654	UFU	Mateus Rios	2023-12-29	227
10260920	168028	UFU	Enrico Montenegro	2024-09-13	257
10972927	171654	UFU	Mateus Rios	2024-02-17	170
10270857	108381	Gameleira	Ana Luiza Rios	2025-01-08	15
10761972	194154	UFU	Maria Alice Albuquerque	2023-11-27	475
10158009	110443	Central	Cauã Gonçalves	2023-07-08	86
10090470	194154	UFU	Maria Alice Albuquerque	2023-07-04	288
10969588	124337	UFU	Arthur Miguel Cavalcante	2023-04-16	274
10690575	160510	Glória	Maria Alice Garcia	2024-09-04	110
10987808	182557	Pampulha	Kamilly Campos	2023-09-14	172
10645388	160510	Glória	Maria Alice Garcia	2024-11-09	87
10472654	146958	Gameleira	Alice da Conceição	2023-05-01	447
10718347	168028	UFU	Enrico Montenegro	2023-05-18	487
10785927	128808	Cidade Jardim	Luiz Fernando da Mota	2024-09-06	136
10815223	185647	UFU	Guilherme da Cunha	2023-08-21	289
10938920	168028	UFU	Enrico Montenegro	2024-02-12	16
10375981	171654	UFU	Mateus Rios	2024-10-16	92
10855491	120637	Glória	Maria Flor Silva	2024-01-25	62
10461750	194154	UFU	Maria Alice Albuquerque	2024-08-06	166
10156275	174699	Glória	Dra. Mariana da Luz	2024-07-05	262
10546458	118924	Pampulha	Leandro Teixeira	2025-02-26	458
10294131	184886	Cidade Jardim	Augusto Correia	2023-10-07	447
10280525	160675	UFU	Dra. Ana Clara Abreu	2023-08-12	64
10665286	171654	UFU	Mateus Rios	2023-04-12	414
10839372	136390	UFU	Josué Moraes	2024-11-29	214
10752858	153270	Cidade Jardim	João Gabriel Marques	2023-11-19	384
10855950	134973	Glória	Felipe Araújo	2024-09-04	147
10246564	182557	Pampulha	Kamilly Campos	2023-11-23	402
10576921	194154	UFU	Maria Alice Albuquerque	2025-02-03	185
10648228	160510	Glória	Maria Alice Garcia	2024-03-06	321
10348339	174185	Gameleira	Maria Luísa Novaes	2024-09-19	207
10620435	120637	Glória	Maria Flor Silva	2023-09-05	131
10159066	146958	Gameleira	Alice da Conceição	2024-02-03	331
10257702	197968	Pampulha	Maria Luísa Moraes	2023-12-20	119
10217782	160675	UFU	Dra. Ana Clara Abreu	2024-03-03	295
10952055	104562	Glória	Mariane Aparecida	2024-01-24	445
10844581	168028	UFU	Enrico Montenegro	2024-07-16	93
10595530	167890	Glória	Asafe Silveira	2023-10-25	21
10081838	182332	Gameleira	Nicole da Luz	2024-02-03	48
10584249	174699	Glória	Dra. Mariana da Luz	2023-10-19	129
10290255	168227	Gameleira	João Gabriel Nogueira	2023-06-05	68
10750094	160510	Glória	Maria Alice Garcia	2023-05-07	12
10492900	182332	Gameleira	Nicole da Luz	2023-04-03	189
10313305	150639	Central	Eduarda Costela	2023-08-13	11
10981556	194154	UFU	Maria Alice Albuquerque	2023-04-30	480
10281399	181314	Pampulha	Luan Oliveira	2023-04-29	127
10563293	105689	Central	Vitor Gabriel Borges	2024-05-14	59
10123296	148203	Cidade Jardim	Isabela Casa Grande	2023-10-31	480
10454791	136390	UFU	Josué Moraes	2025-01-05	125
10970701	105689	Central	Vitor Gabriel Borges	2024-03-03	473
10564817	136390	UFU	Josué Moraes	2023-09-03	59
10873278	124337	UFU	Arthur Miguel Cavalcante	2024-09-16	207
10525774	171654	UFU	Mateus Rios	2025-01-11	253
10375779	104562	Glória	Mariane Aparecida	2024-06-06	265
10339317	113189	Gameleira	Helena da Paz	2024-04-30	481
10420330	128808	Cidade Jardim	Luiz Fernando da Mota	2024-08-28	21
10581380	125390	Glória	Lucca Ferreira	2023-05-26	54
10214612	120637	Glória	Maria Flor Silva	2024-01-30	347
10252125	124337	UFU	Arthur Miguel Cavalcante	2024-06-27	143
10910145	125390	Glória	Lucca Ferreira	2023-06-27	425
10269403	136390	UFU	Josué Moraes	2024-02-21	308
10639808	160510	Glória	Maria Alice Garcia	2023-05-18	395
10064382	150639	Central	Eduarda Costela	2024-10-21	497
10241888	160675	UFU	Dra. Ana Clara Abreu	2023-12-04	359
10598124	109882	Glória	Manuella Abreu	2023-04-15	213
10379722	108381	Gameleira	Ana Luiza Rios	2024-06-16	173
10199191	185647	UFU	Guilherme da Cunha	2024-04-18	89
10243448	121149	Gameleira	Arthur Gabriel Aparecida	2023-08-10	70
10329070	120637	Glória	Maria Flor Silva	2024-09-15	390
10764863	121149	Gameleira	Arthur Gabriel Aparecida	2023-08-06	220
10088753	139785	Pampulha	Olívia Pereira	2024-05-31	453
10436887	159089	Central	Cauê Montenegro	2024-04-06	236
10943778	150639	Central	Eduarda Costela	2024-12-31	343
10183527	113189	Gameleira	Helena da Paz	2023-12-07	102
10842059	153270	Cidade Jardim	João Gabriel Marques	2023-04-04	45
10572596	105689	Central	Vitor Gabriel Borges	2023-12-04	284
10149634	108381	Gameleira	Ana Luiza Rios	2023-08-20	427
10234757	104562	Glória	Mariane Aparecida	2024-11-20	331
10992759	148203	Cidade Jardim	Isabela Casa Grande	2024-02-22	118
10066094	124337	UFU	Arthur Miguel Cavalcante	2025-02-17	70
10115074	197968	Pampulha	Maria Luísa Moraes	2024-10-30	228
10247961	120637	Glória	Maria Flor Silva	2024-07-19	152
10625345	159089	Central	Cauê Montenegro	2024-08-30	173
10149902	113189	Gameleira	Helena da Paz	2024-06-04	360
10245765	167890	Glória	Asafe Silveira	2025-01-05	92
10066600	159089	Central	Cauê Montenegro	2024-02-02	496
10894587	153270	Cidade Jardim	João Gabriel Marques	2023-08-15	238
10033667	113189	Gameleira	Helena da Paz	2024-07-10	420
10793558	113189	Gameleira	Helena da Paz	2024-10-12	87
10029831	182557	Pampulha	Kamilly Campos	2024-10-21	132
10028488	199301	UFU	Matteo da Cruz	2024-12-08	111
10405729	134973	Glória	Felipe Araújo	2023-03-16	141
10290657	168028	UFU	Enrico Montenegro	2024-10-07	16
10502658	139785	Pampulha	Olívia Pereira	2024-10-20	392
10605345	120637	Glória	Maria Flor Silva	2023-05-03	362
10036189	199301	UFU	Matteo da Cruz	2024-05-20	437
10576266	160510	Glória	Maria Alice Garcia	2023-05-14	188
10027849	171654	UFU	Mateus Rios	2023-07-17	337
10037852	108381	Gameleira	Ana Luiza Rios	2024-03-19	306
10765858	114296	Cidade Jardim	Erick Siqueira	2023-07-07	31
10244405	160675	UFU	Dra. Ana Clara Abreu	2023-05-26	372
10541596	159089	Central	Cauê Montenegro	2025-02-02	341
10729082	150639	Central	Eduarda Costela	2024-09-08	219
10427590	181314	Pampulha	Luan Oliveira	2024-10-31	345
10331564	139785	Pampulha	Olívia Pereira	2024-09-01	86
10688025	124337	UFU	Arthur Miguel Cavalcante	2024-02-21	299
10333538	168028	UFU	Enrico Montenegro	2024-11-10	259
10307053	120637	Glória	Maria Flor Silva	2024-01-10	170
10568913	110443	Central	Cauã Gonçalves	2024-11-15	475
10118189	182557	Pampulha	Kamilly Campos	2025-02-19	452
10043594	160675	UFU	Dra. Ana Clara Abreu	2023-08-17	412
10516639	139785	Pampulha	Olívia Pereira	2024-09-22	252
10973451	194154	UFU	Maria Alice Albuquerque	2024-09-21	309
10485519	148203	Cidade Jardim	Isabela Casa Grande	2023-11-27	139
10670974	184886	Cidade Jardim	Augusto Correia	2024-10-02	288
10744085	174699	Glória	Dra. Mariana da Luz	2025-03-05	355
10001091	104562	Glória	Mariane Aparecida	2024-07-20	201
10727249	161902	UFU	Vitor Oliveira	2024-06-13	249
10296983	146958	Gameleira	Alice da Conceição	2024-08-26	274
10489511	176603	Central	Rael Oliveira	2023-11-10	444
10805361	120637	Glória	Maria Flor Silva	2024-03-03	169
10494793	110443	Central	Cauã Gonçalves	2023-12-15	478
10417814	136390	UFU	Josué Moraes	2023-04-26	346
10912670	160675	UFU	Dra. Ana Clara Abreu	2024-10-17	273
10878444	139785	Pampulha	Olívia Pereira	2025-02-22	75
10714023	184886	Cidade Jardim	Augusto Correia	2023-04-05	136
10664501	128808	Cidade Jardim	Luiz Fernando da Mota	2023-10-03	245
10173710	136390	UFU	Josué Moraes	2023-04-15	269
10294849	110443	Central	Cauã Gonçalves	2025-01-18	471
10130851	184886	Cidade Jardim	Augusto Correia	2025-01-31	120
10750806	176603	Central	Rael Oliveira	2024-08-20	254
10052483	114296	Cidade Jardim	Erick Siqueira	2025-03-01	32
10113734	176603	Central	Rael Oliveira	2024-08-25	323
10610778	182332	Gameleira	Nicole da Luz	2023-09-11	114
10741830	185647	UFU	Guilherme da Cunha	2024-12-27	151
10049220	113189	Gameleira	Helena da Paz	2023-09-01	69
10770101	161902	UFU	Vitor Oliveira	2023-08-13	34
10454527	174185	Gameleira	Maria Luísa Novaes	2024-09-26	343
10311925	167890	Glória	Asafe Silveira	2023-08-01	424
10011996	118924	Pampulha	Leandro Teixeira	2024-08-16	386
10085849	150639	Central	Eduarda Costela	2025-02-20	398
10750941	121149	Gameleira	Arthur Gabriel Aparecida	2023-10-12	106
10176610	108381	Gameleira	Ana Luiza Rios	2025-02-06	58
10944478	136390	UFU	Josué Moraes	2023-08-11	403
10276181	125390	Glória	Lucca Ferreira	2024-08-30	137
10540956	110443	Central	Cauã Gonçalves	2024-10-18	215
10135666	114296	Cidade Jardim	Erick Siqueira	2024-07-27	187
10886068	124337	UFU	Arthur Miguel Cavalcante	2024-04-13	426
10304879	182332	Gameleira	Nicole da Luz	2023-04-18	440
10451469	146958	Gameleira	Alice da Conceição	2024-03-17	76
10635927	128808	Cidade Jardim	Luiz Fernando da Mota	2023-11-09	96
10412762	167890	Glória	Asafe Silveira	2024-04-02	407
10712384	105689	Central	Vitor Gabriel Borges	2024-10-31	471
10804047	159089	Central	Cauê Montenegro	2023-05-13	375
10792182	194154	UFU	Maria Alice Albuquerque	2023-07-27	424
10815423	174699	Glória	Dra. Mariana da Luz	2024-01-04	84
10944297	174185	Gameleira	Maria Luísa Novaes	2025-01-16	299
10940300	120637	Glória	Maria Flor Silva	2023-07-06	368
10346417	181314	Pampulha	Luan Oliveira	2025-02-16	241
10376657	105689	Central	Vitor Gabriel Borges	2023-11-13	68
10534271	182332	Gameleira	Nicole da Luz	2023-09-24	62
10582622	161902	UFU	Vitor Oliveira	2023-12-19	432
10862747	197968	Pampulha	Maria Luísa Moraes	2024-07-16	307
10927479	125390	Glória	Lucca Ferreira	2023-04-05	252
10804628	185647	UFU	Guilherme da Cunha	2023-10-07	66
10072348	168227	Gameleira	João Gabriel Nogueira	2024-11-13	486
10502023	168227	Gameleira	João Gabriel Nogueira	2023-10-11	237
10609705	184886	Cidade Jardim	Augusto Correia	2024-10-31	446
10626728	174699	Glória	Dra. Mariana da Luz	2024-12-03	280
10969435	134973	Glória	Felipe Araújo	2023-05-05	339
10029628	113189	Gameleira	Helena da Paz	2024-08-19	420
10225354	118924	Pampulha	Leandro Teixeira	2023-10-19	401
10703595	153270	Cidade Jardim	João Gabriel Marques	2023-08-11	381
10179344	105689	Central	Vitor Gabriel Borges	2023-10-18	51
10550250	134973	Glória	Felipe Araújo	2023-05-21	275
10754957	110443	Central	Cauã Gonçalves	2024-08-20	189
10807214	150639	Central	Eduarda Costela	2023-11-13	424
10677901	194154	UFU	Maria Alice Albuquerque	2024-10-19	484
10229564	160675	UFU	Dra. Ana Clara Abreu	2025-01-17	174
10099308	114296	Cidade Jardim	Erick Siqueira	2025-01-17	473
10972208	118924	Pampulha	Leandro Teixeira	2025-01-11	319
10151437	176603	Central	Rael Oliveira	2023-07-04	379
10206567	146958	Gameleira	Alice da Conceição	2023-05-19	38
10791185	194154	UFU	Maria Alice Albuquerque	2024-10-08	107
10730307	185647	UFU	Guilherme da Cunha	2023-11-28	135
10924586	110443	Central	Cauã Gonçalves	2023-06-06	60
10758795	197968	Pampulha	Maria Luísa Moraes	2024-07-15	379
10658538	197968	Pampulha	Maria Luísa Moraes	2024-07-06	415
10233615	139785	Pampulha	Olívia Pereira	2023-04-05	151
10093340	153270	Cidade Jardim	João Gabriel Marques	2023-08-05	79
10073631	139785	Pampulha	Olívia Pereira	2024-05-28	274
10056683	168028	UFU	Enrico Montenegro	2024-03-17	441
10047880	160510	Glória	Maria Alice Garcia	2023-08-04	53
10775170	174185	Gameleira	Maria Luísa Novaes	2023-09-26	160
10612637	194154	UFU	Maria Alice Albuquerque	2023-05-11	319
10078646	125390	Glória	Lucca Ferreira	2024-09-16	142
10338390	146958	Gameleira	Alice da Conceição	2023-03-20	292
10944970	160510	Glória	Maria Alice Garcia	2023-03-30	437
10584603	121149	Gameleira	Arthur Gabriel Aparecida	2023-08-26	179
10609903	108381	Gameleira	Ana Luiza Rios	2024-11-27	60
10330566	150639	Central	Eduarda Costela	2023-06-10	437
10767179	144688	Pampulha	Arthur Gabriel Costela	2024-02-12	222
10817944	197968	Pampulha	Maria Luísa Moraes	2025-02-09	60
10425839	168028	UFU	Enrico Montenegro	2024-08-27	474
10844758	110443	Central	Cauã Gonçalves	2025-01-22	89
10972145	153270	Cidade Jardim	João Gabriel Marques	2023-03-22	277
10214249	185647	UFU	Guilherme da Cunha	2024-12-19	377
10260716	139785	Pampulha	Olívia Pereira	2023-08-27	249
10405854	197968	Pampulha	Maria Luísa Moraes	2024-12-25	100
10958961	168028	UFU	Enrico Montenegro	2023-03-30	300
10437450	182557	Pampulha	Kamilly Campos	2024-06-25	41
10871579	174185	Gameleira	Maria Luísa Novaes	2024-09-17	157
10061595	160675	UFU	Dra. Ana Clara Abreu	2024-05-09	326
10576766	182332	Gameleira	Nicole da Luz	2024-09-14	139
10108074	134973	Glória	Felipe Araújo	2024-07-02	80
10311853	160510	Glória	Maria Alice Garcia	2024-02-22	475
10184783	182557	Pampulha	Kamilly Campos	2023-09-15	239
10505818	128808	Cidade Jardim	Luiz Fernando da Mota	2025-01-30	291
10735736	182557	Pampulha	Kamilly Campos	2023-06-12	254
10273041	199301	UFU	Matteo da Cruz	2024-10-15	293
10572008	153270	Cidade Jardim	João Gabriel Marques	2024-12-16	355
10281925	168028	UFU	Enrico Montenegro	2024-11-19	406
10850679	150639	Central	Eduarda Costela	2023-06-19	185
10241029	181314	Pampulha	Luan Oliveira	2024-05-30	360
10232731	199301	UFU	Matteo da Cruz	2025-02-03	123
10516606	150639	Central	Eduarda Costela	2023-06-11	434
10106813	110443	Central	Cauã Gonçalves	2023-06-16	103
10282535	128808	Cidade Jardim	Luiz Fernando da Mota	2024-10-18	232
10122668	197968	Pampulha	Maria Luísa Moraes	2024-02-23	374
10075433	134973	Glória	Felipe Araújo	2023-05-03	25
10436494	134973	Glória	Felipe Araújo	2025-01-02	288
10182350	136390	UFU	Josué Moraes	2024-10-03	269
10956126	144688	Pampulha	Arthur Gabriel Costela	2024-05-09	273
10121456	160510	Glória	Maria Alice Garcia	2023-09-26	44
10988529	150639	Central	Eduarda Costela	2023-06-13	387
10940679	113189	Gameleira	Helena da Paz	2023-11-01	65
10649123	168028	UFU	Enrico Montenegro	2024-12-29	283
10336075	134973	Glória	Felipe Araújo	2025-03-06	332
10586371	167890	Glória	Asafe Silveira	2023-08-05	330
10450527	159089	Central	Cauê Montenegro	2024-07-07	323
10642141	118924	Pampulha	Leandro Teixeira	2023-03-26	420
10768208	136390	UFU	Josué Moraes	2025-02-16	441
10321273	108381	Gameleira	Ana Luiza Rios	2024-06-03	353
10307912	120637	Glória	Maria Flor Silva	2024-10-14	482
10352407	136390	UFU	Josué Moraes	2025-02-13	435
10811107	109882	Glória	Manuella Abreu	2024-11-06	325
10992254	182332	Gameleira	Nicole da Luz	2024-02-17	239
10166587	109882	Glória	Manuella Abreu	2023-08-20	229
10691174	134973	Glória	Felipe Araújo	2024-04-28	214
10292627	153270	Cidade Jardim	João Gabriel Marques	2023-04-05	197
10105034	176603	Central	Rael Oliveira	2024-02-08	121
10621692	161902	UFU	Vitor Oliveira	2024-02-29	192
10501467	199301	UFU	Matteo da Cruz	2023-10-21	381
10809260	160510	Glória	Maria Alice Garcia	2024-08-12	369
10131366	150639	Central	Eduarda Costela	2023-07-17	414
10395332	161902	UFU	Vitor Oliveira	2023-10-08	473
10423319	144688	Pampulha	Arthur Gabriel Costela	2024-05-26	476
10068895	120637	Glória	Maria Flor Silva	2024-08-22	324
10597413	168028	UFU	Enrico Montenegro	2024-10-01	24
10232013	144688	Pampulha	Arthur Gabriel Costela	2023-11-16	401
10346563	174185	Gameleira	Maria Luísa Novaes	2023-11-26	179
10640044	176603	Central	Rael Oliveira	2023-06-04	223
10855668	197968	Pampulha	Maria Luísa Moraes	2025-01-19	415
10320242	184886	Cidade Jardim	Augusto Correia	2024-07-10	162
10448618	113189	Gameleira	Helena da Paz	2023-10-14	330
10204657	174185	Gameleira	Maria Luísa Novaes	2023-06-30	225
10001835	182557	Pampulha	Kamilly Campos	2024-11-22	338
10687510	168028	UFU	Enrico Montenegro	2024-02-20	282
10917616	146958	Gameleira	Alice da Conceição	2024-12-19	119
10578971	110443	Central	Cauã Gonçalves	2023-11-03	156
10596463	128808	Cidade Jardim	Luiz Fernando da Mota	2025-01-06	51
10557368	153270	Cidade Jardim	João Gabriel Marques	2023-11-03	430
10934411	118924	Pampulha	Leandro Teixeira	2024-12-03	199
10616360	174699	Glória	Dra. Mariana da Luz	2024-07-10	348
10802690	160675	UFU	Dra. Ana Clara Abreu	2023-11-01	148
10573246	184886	Cidade Jardim	Augusto Correia	2024-08-30	247
10306792	114296	Cidade Jardim	Erick Siqueira	2024-03-09	42
10826472	199301	UFU	Matteo da Cruz	2025-03-12	53
10795175	194154	UFU	Maria Alice Albuquerque	2024-01-22	183
10429014	134973	Glória	Felipe Araújo	2023-12-23	175
10328862	171654	UFU	Mateus Rios	2024-12-11	14
10756513	197968	Pampulha	Maria Luísa Moraes	2024-01-09	117
10613864	167890	Glória	Asafe Silveira	2023-07-26	188
10181422	159089	Central	Cauê Montenegro	2024-04-20	95
10994676	118924	Pampulha	Leandro Teixeira	2024-10-06	328
10604553	176603	Central	Rael Oliveira	2024-04-04	214
10309076	176603	Central	Rael Oliveira	2023-10-04	325
10431435	182557	Pampulha	Kamilly Campos	2023-08-22	319
10320300	134973	Glória	Felipe Araújo	2023-12-27	214
10497840	174699	Glória	Dra. Mariana da Luz	2025-02-01	424
10095019	153270	Cidade Jardim	João Gabriel Marques	2024-03-14	217
10049082	160510	Glória	Maria Alice Garcia	2023-04-03	374
10235975	176603	Central	Rael Oliveira	2024-07-02	320
10280708	182557	Pampulha	Kamilly Campos	2025-02-26	61
10836321	114296	Cidade Jardim	Erick Siqueira	2023-06-22	90
10219222	121149	Gameleira	Arthur Gabriel Aparecida	2024-06-05	221
10398615	104562	Glória	Mariane Aparecida	2024-06-27	365
10373042	139785	Pampulha	Olívia Pereira	2024-07-01	462
10389082	108381	Gameleira	Ana Luiza Rios	2024-09-17	390
10818236	114296	Cidade Jardim	Erick Siqueira	2024-02-19	483
10534492	181314	Pampulha	Luan Oliveira	2024-02-23	392
10852958	174699	Glória	Dra. Mariana da Luz	2024-01-10	412
10816199	176603	Central	Rael Oliveira	2023-06-21	83
10024398	168227	Gameleira	João Gabriel Nogueira	2024-10-18	426
10981939	160675	UFU	Dra. Ana Clara Abreu	2023-12-24	410
10272455	182557	Pampulha	Kamilly Campos	2025-02-05	354
10023047	168028	UFU	Enrico Montenegro	2023-04-10	211
10132508	125390	Glória	Lucca Ferreira	2024-11-30	35
10687564	174699	Glória	Dra. Mariana da Luz	2024-03-24	203
10144419	174185	Gameleira	Maria Luísa Novaes	2023-12-08	161
10122721	108381	Gameleira	Ana Luiza Rios	2024-07-22	428
10654708	109882	Glória	Manuella Abreu	2023-12-11	157
10846406	114296	Cidade Jardim	Erick Siqueira	2025-01-05	146
10167182	114296	Cidade Jardim	Erick Siqueira	2024-09-07	424
10743749	197968	Pampulha	Maria Luísa Moraes	2023-12-07	78
10640180	160675	UFU	Dra. Ana Clara Abreu	2024-01-11	355
10123110	128808	Cidade Jardim	Luiz Fernando da Mota	2024-10-22	305
10451365	144688	Pampulha	Arthur Gabriel Costela	2023-04-24	402
10849884	174699	Glória	Dra. Mariana da Luz	2025-02-24	406
10984246	182557	Pampulha	Kamilly Campos	2024-02-15	239
10045750	139785	Pampulha	Olívia Pereira	2023-08-22	337
10306048	161902	UFU	Vitor Oliveira	2023-08-23	202
10528471	161902	UFU	Vitor Oliveira	2024-01-09	12
10530517	199301	UFU	Matteo da Cruz	2024-08-23	486
10836468	114296	Cidade Jardim	Erick Siqueira	2025-02-05	73
10678904	136390	UFU	Josué Moraes	2024-08-25	52
10032815	153270	Cidade Jardim	João Gabriel Marques	2024-01-06	362
10306754	167890	Glória	Asafe Silveira	2024-03-21	14
10598359	104562	Glória	Mariane Aparecida	2024-11-26	310
10182686	174699	Glória	Dra. Mariana da Luz	2024-04-19	56
10049389	139785	Pampulha	Olívia Pereira	2024-09-23	93
10248143	134973	Glória	Felipe Araújo	2024-07-15	82
10686349	108381	Gameleira	Ana Luiza Rios	2024-08-28	306
10765395	124337	UFU	Arthur Miguel Cavalcante	2024-05-22	344
10245095	167890	Glória	Asafe Silveira	2024-02-07	444
10254875	167890	Glória	Asafe Silveira	2023-11-22	213
10473755	194154	UFU	Maria Alice Albuquerque	2024-01-17	158
10298052	176603	Central	Rael Oliveira	2023-07-08	389
10726303	108381	Gameleira	Ana Luiza Rios	2023-12-17	235
10531549	174699	Glória	Dra. Mariana da Luz	2023-05-23	429
10384895	124337	UFU	Arthur Miguel Cavalcante	2023-04-28	95
10655069	197968	Pampulha	Maria Luísa Moraes	2024-04-29	48
10511557	184886	Cidade Jardim	Augusto Correia	2023-09-30	88
10957647	139785	Pampulha	Olívia Pereira	2024-02-17	94
10911210	124337	UFU	Arthur Miguel Cavalcante	2023-05-21	90
10286189	121149	Gameleira	Arthur Gabriel Aparecida	2024-03-26	480
10987417	128808	Cidade Jardim	Luiz Fernando da Mota	2024-07-01	41
10773763	150639	Central	Eduarda Costela	2024-08-10	162
10832251	113189	Gameleira	Helena da Paz	2023-09-23	341
10150705	182557	Pampulha	Kamilly Campos	2024-12-11	21
10318202	108381	Gameleira	Ana Luiza Rios	2023-11-30	49
10157163	104562	Glória	Mariane Aparecida	2023-09-22	177
10267888	134973	Glória	Felipe Araújo	2024-03-04	343
10123466	159089	Central	Cauê Montenegro	2023-11-15	255
10928872	118924	Pampulha	Leandro Teixeira	2024-12-29	138
10551219	128808	Cidade Jardim	Luiz Fernando da Mota	2025-01-29	134
10462548	118924	Pampulha	Leandro Teixeira	2023-07-16	41
10605394	125390	Glória	Lucca Ferreira	2024-01-16	354
10590948	134973	Glória	Felipe Araújo	2023-12-03	400
10083032	160510	Glória	Maria Alice Garcia	2024-08-25	404
10411339	120637	Glória	Maria Flor Silva	2024-12-11	455
10332520	159089	Central	Cauê Montenegro	2023-10-30	470
10285706	167890	Glória	Asafe Silveira	2023-05-08	67
10498909	146958	Gameleira	Alice da Conceição	2023-04-21	137
10864587	160675	UFU	Dra. Ana Clara Abreu	2024-06-29	263
10147237	159089	Central	Cauê Montenegro	2023-03-31	462
10858402	105689	Central	Vitor Gabriel Borges	2024-10-30	132
10806706	160675	UFU	Dra. Ana Clara Abreu	2023-05-15	290
10479142	118924	Pampulha	Leandro Teixeira	2025-02-13	303
10984022	124337	UFU	Arthur Miguel Cavalcante	2023-05-15	95
10130739	125390	Glória	Lucca Ferreira	2023-08-19	77
10397638	105689	Central	Vitor Gabriel Borges	2023-10-23	359
10173909	121149	Gameleira	Arthur Gabriel Aparecida	2023-09-05	284
10843617	174185	Gameleira	Maria Luísa Novaes	2023-12-22	14
10942946	160675	UFU	Dra. Ana Clara Abreu	2023-06-10	123
10670474	146958	Gameleira	Alice da Conceição	2024-03-26	144
10132924	199301	UFU	Matteo da Cruz	2024-10-24	388
10902147	174185	Gameleira	Maria Luísa Novaes	2024-10-25	50
10323119	182332	Gameleira	Nicole da Luz	2024-10-21	28
10302331	105689	Central	Vitor Gabriel Borges	2024-08-21	445
10687947	139785	Pampulha	Olívia Pereira	2023-10-03	460
10073522	184886	Cidade Jardim	Augusto Correia	2023-08-27	335
10092072	159089	Central	Cauê Montenegro	2025-02-25	221
10689542	125390	Glória	Lucca Ferreira	2024-04-01	191
10841889	160510	Glória	Maria Alice Garcia	2023-11-30	401
10181538	148203	Cidade Jardim	Isabela Casa Grande	2023-04-05	448
10114766	136390	UFU	Josué Moraes	2023-12-07	39
10127999	160510	Glória	Maria Alice Garcia	2023-09-14	281
10572072	148203	Cidade Jardim	Isabela Casa Grande	2024-02-02	168
10360171	161902	UFU	Vitor Oliveira	2024-04-16	275
10218708	182332	Gameleira	Nicole da Luz	2023-09-26	303
10099948	108381	Gameleira	Ana Luiza Rios	2023-12-28	65
10715032	136390	UFU	Josué Moraes	2023-09-10	406
10569795	121149	Gameleira	Arthur Gabriel Aparecida	2023-11-18	461
10774320	160675	UFU	Dra. Ana Clara Abreu	2025-03-02	59
10143943	176603	Central	Rael Oliveira	2023-09-25	13
10499442	197968	Pampulha	Maria Luísa Moraes	2023-10-23	75
10603956	113189	Gameleira	Helena da Paz	2024-08-02	131
10776737	109882	Glória	Manuella Abreu	2023-10-14	272
10815597	197968	Pampulha	Maria Luísa Moraes	2024-04-23	351
10250574	153270	Cidade Jardim	João Gabriel Marques	2024-11-06	374
10988846	199301	UFU	Matteo da Cruz	2024-10-04	437
10065202	121149	Gameleira	Arthur Gabriel Aparecida	2024-11-20	92
10265060	109882	Glória	Manuella Abreu	2023-08-05	478
10249811	161902	UFU	Vitor Oliveira	2024-12-03	153
10055457	194154	UFU	Maria Alice Albuquerque	2024-11-06	467
10362216	134973	Glória	Felipe Araújo	2024-03-29	268
10054946	118924	Pampulha	Leandro Teixeira	2024-04-19	173
10227153	144688	Pampulha	Arthur Gabriel Costela	2025-03-11	480
10226662	160675	UFU	Dra. Ana Clara Abreu	2023-12-14	274
10873618	104562	Glória	Mariane Aparecida	2023-11-18	374
10905682	160675	UFU	Dra. Ana Clara Abreu	2024-10-17	177
10590753	171654	UFU	Mateus Rios	2023-12-10	359
10425094	124337	UFU	Arthur Miguel Cavalcante	2024-05-23	240
10333373	168028	UFU	Enrico Montenegro	2024-04-03	339
10705744	120637	Glória	Maria Flor Silva	2023-12-08	144
10998275	159089	Central	Cauê Montenegro	2024-08-09	28
10111171	108381	Gameleira	Ana Luiza Rios	2023-09-29	466
10768661	110443	Central	Cauã Gonçalves	2024-08-01	488
10528348	160675	UFU	Dra. Ana Clara Abreu	2024-07-31	246
10667961	182557	Pampulha	Kamilly Campos	2023-11-28	29
10051098	148203	Cidade Jardim	Isabela Casa Grande	2023-09-25	27
10106129	168227	Gameleira	João Gabriel Nogueira	2024-12-26	188
10706212	199301	UFU	Matteo da Cruz	2024-05-25	144
10227324	184886	Cidade Jardim	Augusto Correia	2025-02-09	236
10178739	168028	UFU	Enrico Montenegro	2024-02-17	101
10397218	120637	Glória	Maria Flor Silva	2023-12-05	440
10569330	161902	UFU	Vitor Oliveira	2024-12-11	164
10015457	185647	UFU	Guilherme da Cunha	2023-12-10	387
10071238	182557	Pampulha	Kamilly Campos	2024-05-31	60
10125704	113189	Gameleira	Helena da Paz	2025-01-15	280
10293128	159089	Central	Cauê Montenegro	2023-05-10	164
10452758	110443	Central	Cauã Gonçalves	2024-09-03	224
10055473	171654	UFU	Mateus Rios	2024-12-22	86
10626642	139785	Pampulha	Olívia Pereira	2023-03-30	94
10267115	113189	Gameleira	Helena da Paz	2024-12-18	408
10207813	199301	UFU	Matteo da Cruz	2025-03-02	418
10988468	159089	Central	Cauê Montenegro	2025-01-19	239
10946616	148203	Cidade Jardim	Isabela Casa Grande	2024-11-09	135
10970508	124337	UFU	Arthur Miguel Cavalcante	2023-12-02	462
10056817	199301	UFU	Matteo da Cruz	2023-06-14	14
10415818	194154	UFU	Maria Alice Albuquerque	2023-12-17	347
10967544	184886	Cidade Jardim	Augusto Correia	2023-04-25	430
10365782	125390	Glória	Lucca Ferreira	2025-01-19	186
10846931	113189	Gameleira	Helena da Paz	2024-09-19	60
10823613	128808	Cidade Jardim	Luiz Fernando da Mota	2024-11-09	177
10899008	136390	UFU	Josué Moraes	2024-07-16	103
10498741	174185	Gameleira	Maria Luísa Novaes	2024-04-09	416
10910648	108381	Gameleira	Ana Luiza Rios	2024-05-25	130
10312965	146958	Gameleira	Alice da Conceição	2024-07-31	240
10416608	168227	Gameleira	João Gabriel Nogueira	2023-08-18	112
10001498	167890	Glória	Asafe Silveira	2024-01-08	137
10884207	197968	Pampulha	Maria Luísa Moraes	2024-08-30	406
10334057	128808	Cidade Jardim	Luiz Fernando da Mota	2023-04-10	333
10641714	181314	Pampulha	Luan Oliveira	2023-09-19	231
10277505	125390	Glória	Lucca Ferreira	2025-02-17	442
10785188	139785	Pampulha	Olívia Pereira	2024-08-23	48
10750041	161902	UFU	Vitor Oliveira	2023-11-10	48
10285640	176603	Central	Rael Oliveira	2024-08-08	220
10088299	146958	Gameleira	Alice da Conceição	2024-11-11	447
10208499	148203	Cidade Jardim	Isabela Casa Grande	2024-04-07	470
10704906	136390	UFU	Josué Moraes	2025-01-11	423
10499314	168227	Gameleira	João Gabriel Nogueira	2023-10-05	358
10976923	174699	Glória	Dra. Mariana da Luz	2024-10-26	64
10733630	182332	Gameleira	Nicole da Luz	2023-09-20	65
10645718	168028	UFU	Enrico Montenegro	2024-09-21	162
10625766	176603	Central	Rael Oliveira	2024-08-25	402
10736634	128808	Cidade Jardim	Luiz Fernando da Mota	2024-10-17	460
10351038	153270	Cidade Jardim	João Gabriel Marques	2024-10-10	455
10408363	168227	Gameleira	João Gabriel Nogueira	2024-05-17	234
10393429	167890	Glória	Asafe Silveira	2025-02-05	239
10091758	161902	UFU	Vitor Oliveira	2024-10-01	97
10586059	113189	Gameleira	Helena da Paz	2023-12-06	324
10034778	146958	Gameleira	Alice da Conceição	2023-07-07	39
10650750	125390	Glória	Lucca Ferreira	2024-07-28	217
10671505	105689	Central	Vitor Gabriel Borges	2023-03-17	366
10376627	139785	Pampulha	Olívia Pereira	2025-02-17	160
10805733	171654	UFU	Mateus Rios	2024-07-19	234
10915283	134973	Glória	Felipe Araújo	2024-11-08	160
10355311	161902	UFU	Vitor Oliveira	2023-05-06	315
10448434	160675	UFU	Dra. Ana Clara Abreu	2024-01-26	374
10589879	153270	Cidade Jardim	João Gabriel Marques	2023-11-30	94
10775712	185647	UFU	Guilherme da Cunha	2023-05-04	215
10074491	104562	Glória	Mariane Aparecida	2024-11-04	220
10954628	124337	UFU	Arthur Miguel Cavalcante	2025-02-16	109
10981074	153270	Cidade Jardim	João Gabriel Marques	2023-06-05	274
10681010	181314	Pampulha	Luan Oliveira	2024-09-28	194
10719291	161902	UFU	Vitor Oliveira	2024-02-27	396
10237807	120637	Glória	Maria Flor Silva	2024-07-04	317
10401256	197968	Pampulha	Maria Luísa Moraes	2023-05-15	414
10881296	150639	Central	Eduarda Costela	2023-05-08	136
10458748	150639	Central	Eduarda Costela	2024-02-06	324
10043425	168227	Gameleira	João Gabriel Nogueira	2025-02-15	62
10693853	182557	Pampulha	Kamilly Campos	2024-03-29	186
10848271	113189	Gameleira	Helena da Paz	2023-05-02	349
10994495	121149	Gameleira	Arthur Gabriel Aparecida	2023-08-06	65
10393102	125390	Glória	Lucca Ferreira	2023-09-07	233
10049378	121149	Gameleira	Arthur Gabriel Aparecida	2023-09-29	386
10079444	168028	UFU	Enrico Montenegro	2024-12-19	325
10124227	144688	Pampulha	Arthur Gabriel Costela	2024-04-06	235
10791457	199301	UFU	Matteo da Cruz	2024-08-14	92
10549836	181314	Pampulha	Luan Oliveira	2023-07-14	210
10565117	176603	Central	Rael Oliveira	2023-05-13	438
10012831	159089	Central	Cauê Montenegro	2023-07-23	432
10260368	146958	Gameleira	Alice da Conceição	2024-09-02	449
10078002	153270	Cidade Jardim	João Gabriel Marques	2024-06-13	365
10555329	139785	Pampulha	Olívia Pereira	2024-06-21	19
10016191	136390	UFU	Josué Moraes	2024-06-26	237
10395726	118924	Pampulha	Leandro Teixeira	2023-07-16	245
10165429	168227	Gameleira	João Gabriel Nogueira	2024-08-18	25
